Nation,Year,TB Incidents Reported
Antigua and Barbuda,2000,898
Antigua and Barbuda,2001,789
Antigua and Barbuda,2002,365
Antigua and Barbuda,2003,126
Antigua and Barbuda,2004,928
Antigua and Barbuda,2005,196
Antigua and Barbuda,2006,710
Antigua and Barbuda,2007,116
Antigua and Barbuda,2008,405
Antigua and Barbuda,2009,192
Antigua and Barbuda,2010,177
Antigua and Barbuda,2011,795
Antigua and Barbuda,2012,477
Antigua and Barbuda,2013,379
Antigua and Barbuda,2014,873
Antigua and Barbuda,2015,494
Antigua and Barbuda,2016,804
Antigua and Barbuda,2017,556
Antigua and Barbuda,2018,694
Antigua and Barbuda,2019,143
Antigua and Barbuda,2020,550
Antigua and Barbuda,2021,224
Antigua and Barbuda,2022,621
Antigua and Barbuda,2023,838
Antigua and Barbuda,2024,374
Antigua and Barbuda,2025,474
Antigua and Barbuda,2026,157
Argentina,2000,813
Argentina,2001,698
Argentina,2002,123
Argentina,2003,144
Argentina,2004,494
Argentina,2005,209
Argentina,2006,306
Argentina,2007,504
Argentina,2008,205
Argentina,2009,560
Argentina,2010,815
Argentina,2011,285
Argentina,2012,564
Argentina,2013,118
Argentina,2014,792
Argentina,2015,412
Argentina,2016,175
Argentina,2017,165
Argentina,2018,816
Argentina,2019,705
Argentina,2020,294
Argentina,2021,183
Argentina,2022,698
Argentina,2023,301
Argentina,2024,101
Argentina,2025,769
Argentina,2026,314
Bahamas,2000,770
Bahamas,2001,376
Bahamas,2002,378
Bahamas,2003,883
Bahamas,2004,278
Bahamas,2005,309
Bahamas,2006,760
Bahamas,2007,443
Bahamas,2008,851
Bahamas,2009,483
Bahamas,2010,482
Bahamas,2011,639
Bahamas,2012,707
Bahamas,2013,768
Bahamas,2014,889
Bahamas,2015,864
Bahamas,2016,717
Bahamas,2017,883
Bahamas,2018,140
Bahamas,2019,165
Bahamas,2020,162
Bahamas,2021,854
Bahamas,2022,516
Bahamas,2023,269
Bahamas,2024,697
Bahamas,2025,852
Bahamas,2026,770
Barbados,2000,330
Barbados,2001,210
Barbados,2002,359
Barbados,2003,278
Barbados,2004,467
Barbados,2005,439
Barbados,2006,326
Barbados,2007,736
Barbados,2008,800
Barbados,2009,647
Barbados,2010,302
Barbados,2011,681
Barbados,2012,979
Barbados,2013,454
Barbados,2014,485
Barbados,2015,135
Barbados,2016,478
Barbados,2017,331
Barbados,2018,240
Barbados,2019,908
Barbados,2020,769
Barbados,2021,104
Barbados,2022,386
Barbados,2023,108
Barbados,2024,625
Barbados,2025,442
Barbados,2026,286
Belize,2000,229
Belize,2001,819
Belize,2002,676
Belize,2003,967
Belize,2004,386
Belize,2005,105
Belize,2006,638
Belize,2007,467
Belize,2008,576
Belize,2009,473
Belize,2010,207
Belize,2011,224
Belize,2012,908
Belize,2013,316
Belize,2014,104
Belize,2015,278
Belize,2016,503
Belize,2017,949
Belize,2018,285
Belize,2019,447
Belize,2020,597
Belize,2021,846
Belize,2022,100
Belize,2023,913
Belize,2024,142
Belize,2025,153
Belize,2026,825
Bolivia,2000,895
Bolivia,2001,347
Bolivia,2002,682
Bolivia,2003,822
Bolivia,2004,599
Bolivia,2005,529
Bolivia,2006,295
Bolivia,2007,265
Bolivia,2008,770
Bolivia,2009,656
Bolivia,2010,254
Bolivia,2011,744
Bolivia,2012,258
Bolivia,2013,446
Bolivia,2014,419
Bolivia,2015,865
Bolivia,2016,944
Bolivia,2017,777
Bolivia,2018,172
Bolivia,2019,657
Bolivia,2020,167
Bolivia,2021,678
Bolivia,2022,183
Bolivia,2023,138
Bolivia,2024,932
Bolivia,2025,265
Bolivia,2026,763
Brazil,2000,938
Brazil,2001,872
Brazil,2002,106
Brazil,2003,443
Brazil,2004,829
Brazil,2005,561
Brazil,2006,962
Brazil,2007,651
Brazil,2008,443
Brazil,2009,106
Brazil,2010,708
Brazil,2011,177
Brazil,2012,853
Brazil,2013,433
Brazil,2014,878
Brazil,2015,948
Brazil,2016,937
Brazil,2017,353
Brazil,2018,300
Brazil,2019,919
Brazil,2020,266
Brazil,2021,985
Brazil,2022,285
Brazil,2023,144
Brazil,2024,137
Brazil,2025,416
Brazil,2026,852
Canada,2000,932
Canada,2001,543
Canada,2002,245
Canada,2003,491
Canada,2004,527
Canada,2005,953
Canada,2006,546
Canada,2007,834
Canada,2008,234
Canada,2009,413
Canada,2010,654
Canada,2011,578
Canada,2012,756
Canada,2013,281
Canada,2014,415
Canada,2015,772
Canada,2016,918
Canada,2017,424
Canada,2018,662
Canada,2019,869
Canada,2020,158
Canada,2021,271
Canada,2022,255
Canada,2023,494
Canada,2024,827
Canada,2025,137
Canada,2026,155
Chile,2000,596
Chile,2001,562
Chile,2002,429
Chile,2003,356
Chile,2004,129
Chile,2005,581
Chile,2006,720
Chile,2007,122
Chile,2008,517
Chile,2009,885
Chile,2010,733
Chile,2011,422
Chile,2012,970
Chile,2013,611
Chile,2014,133
Chile,2015,405
Chile,2016,926
Chile,2017,920
Chile,2018,448
Chile,2019,796
Chile,2020,646
Chile,2021,573
Chile,2022,173
Chile,2023,252
Chile,2024,505
Chile,2025,379
Chile,2026,164
Colombia,2000,859
Colombia,2001,386
Colombia,2002,120
Colombia,2003,749
Colombia,2004,222
Colombia,2005,655
Colombia,2006,410
Colombia,2007,456
Colombia,2008,966
Colombia,2009,707
Colombia,2010,149
Colombia,2011,977
Colombia,2012,177
Colombia,2013,920
Colombia,2014,934
Colombia,2015,807
Colombia,2016,845
Colombia,2017,584
Colombia,2018,467
Colombia,2019,303
Colombia,2020,862
Colombia,2021,746
Colombia,2022,413
Colombia,2023,834
Colombia,2024,554
Colombia,2025,823
Colombia,2026,935
Costa Rica,2000,871
Costa Rica,2001,747
Costa Rica,2002,754
Costa Rica,2003,485
Costa Rica,2004,813
Costa Rica,2005,970
Costa Rica,2006,902
Costa Rica,2007,691
Costa Rica,2008,962
Costa Rica,2009,758
Costa Rica,2010,522
Costa Rica,2011,912
Costa Rica,2012,554
Costa Rica,2013,468
Costa Rica,2014,531
Costa Rica,2015,201
Costa Rica,2016,874
Costa Rica,2017,342
Costa Rica,2018,443
Costa Rica,2019,683
Costa Rica,2020,487
Costa Rica,2021,393
Costa Rica,2022,222
Costa Rica,2023,975
Costa Rica,2024,396
Costa Rica,2025,439
Costa Rica,2026,939
Cuba,2000,527
Cuba,2001,670
Cuba,2002,819
Cuba,2003,223
Cuba,2004,572
Cuba,2005,609
Cuba,2006,359
Cuba,2007,709
Cuba,2008,160
Cuba,2009,208
Cuba,2010,368
Cuba,2011,682
Cuba,2012,474
Cuba,2013,323
Cuba,2014,471
Cuba,2015,283
Cuba,2016,441
Cuba,2017,828
Cuba,2018,879
Cuba,2019,816
Cuba,2020,756
Cuba,2021,399
Cuba,2022,479
Cuba,2023,659
Cuba,2024,583
Cuba,2025,548
Cuba,2026,904
Dominica,2000,220
Dominica,2001,671
Dominica,2002,722
Dominica,2003,454
Dominica,2004,849
Dominica,2005,716
Dominica,2006,639
Dominica,2007,216
Dominica,2008,771
Dominica,2009,865
Dominica,2010,729
Dominica,2011,577
Dominica,2012,715
Dominica,2013,148
Dominica,2014,134
Dominica,2015,546
Dominica,2016,458
Dominica,2017,207
Dominica,2018,476
Dominica,2019,290
Dominica,2020,505
Dominica,2021,306
Dominica,2022,534
Dominica,2023,609
Dominica,2024,760
Dominica,2025,791
Dominica,2026,836
Dominican Republic,2000,117
Dominican Republic,2001,553
Dominican Republic,2002,874
Dominican Republic,2003,800
Dominican Republic,2004,248
Dominican Republic,2005,337
Dominican Republic,2006,563
Dominican Republic,2007,360
Dominican Republic,2008,129
Dominican Republic,2009,731
Dominican Republic,2010,953
Dominican Republic,2011,320
Dominican Republic,2012,223
Dominican Republic,2013,896
Dominican Republic,2014,761
Dominican Republic,2015,824
Dominican Republic,2016,737
Dominican Republic,2017,821
Dominican Republic,2018,474
Dominican Republic,2019,894
Dominican Republic,2020,142
Dominican Republic,2021,132
Dominican Republic,2022,499
Dominican Republic,2023,476
Dominican Republic,2024,685
Dominican Republic,2025,491
Dominican Republic,2026,648
Ecuador,2000,116
Ecuador,2001,202
Ecuador,2002,723
Ecuador,2003,524
Ecuador,2004,108
Ecuador,2005,496
Ecuador,2006,409
Ecuador,2007,778
Ecuador,2008,288
Ecuador,2009,502
Ecuador,2010,860
Ecuador,2011,622
Ecuador,2012,606
Ecuador,2013,719
Ecuador,2014,173
Ecuador,2015,236
Ecuador,2016,298
Ecuador,2017,573
Ecuador,2018,993
Ecuador,2019,639
Ecuador,2020,607
Ecuador,2021,141
Ecuador,2022,664
Ecuador,2023,422
Ecuador,2024,463
Ecuador,2025,288
Ecuador,2026,757
El Salvador,2000,497
El Salvador,2001,822
El Salvador,2002,830
El Salvador,2003,420
El Salvador,2004,332
El Salvador,2005,133
El Salvador,2006,433
El Salvador,2007,746
El Salvador,2008,932
El Salvador,2009,566
El Salvador,2010,713
El Salvador,2011,736
El Salvador,2012,772
El Salvador,2013,868
El Salvador,2014,268
El Salvador,2015,902
El Salvador,2016,919
El Salvador,2017,428
El Salvador,2018,387
El Salvador,2019,253
El Salvador,2020,642
El Salvador,2021,376
El Salvador,2022,315
El Salvador,2023,479
El Salvador,2024,276
El Salvador,2025,975
El Salvador,2026,786
Grenada,2000,216
Grenada,2001,219
Grenada,2002,801
Grenada,2003,201
Grenada,2004,858
Grenada,2005,999
Grenada,2006,194
Grenada,2007,531
Grenada,2008,475
Grenada,2009,499
Grenada,2010,587
Grenada,2011,695
Grenada,2012,740
Grenada,2013,330
Grenada,2014,618
Grenada,2015,236
Grenada,2016,421
Grenada,2017,690
Grenada,2018,221
Grenada,2019,428
Grenada,2020,436
Grenada,2021,435
Grenada,2022,261
Grenada,2023,699
Grenada,2024,155
Grenada,2025,373
Grenada,2026,949
Guatemala,2000,224
Guatemala,2001,432
Guatemala,2002,692
Guatemala,2003,891
Guatemala,2004,671
Guatemala,2005,615
Guatemala,2006,707
Guatemala,2007,990
Guatemala,2008,947
Guatemala,2009,813
Guatemala,2010,462
Guatemala,2011,883
Guatemala,2012,243
Guatemala,2013,866
Guatemala,2014,544
Guatemala,2015,652
Guatemala,2016,486
Guatemala,2017,793
Guatemala,2018,260
Guatemala,2019,106
Guatemala,2020,559
Guatemala,2021,971
Guatemala,2022,920
Guatemala,2023,722
Guatemala,2024,641
Guatemala,2025,302
Guatemala,2026,843
Greenland,2000,139
Greenland,2001,278
Greenland,2002,262
Greenland,2003,591
Greenland,2004,686
Greenland,2005,561
Greenland,2006,493
Greenland,2007,841
Greenland,2008,681
Greenland,2009,1000
Greenland,2010,733
Greenland,2011,453
Greenland,2012,476
Greenland,2013,690
Greenland,2014,267
Greenland,2015,340
Greenland,2016,395
Greenland,2017,439
Greenland,2018,724
Greenland,2019,809
Greenland,2020,578
Greenland,2021,327
Greenland,2022,756
Greenland,2023,394
Greenland,2024,856
Greenland,2025,744
Greenland,2026,411
Guyana,2000,612
Guyana,2001,627
Guyana,2002,657
Guyana,2003,708
Guyana,2004,558
Guyana,2005,458
Guyana,2006,536
Guyana,2007,436
Guyana,2008,673
Guyana,2009,941
Guyana,2010,652
Guyana,2011,609
Guyana,2012,330
Guyana,2013,800
Guyana,2014,137
Guyana,2015,950
Guyana,2016,765
Guyana,2017,330
Guyana,2018,804
Guyana,2019,520
Guyana,2020,956
Guyana,2021,290
Guyana,2022,884
Guyana,2023,878
Guyana,2024,656
Guyana,2025,146
Guyana,2026,539
Haiti,2000,945
Haiti,2001,757
Haiti,2002,288
Haiti,2003,956
Haiti,2004,438
Haiti,2005,153
Haiti,2006,650
Haiti,2007,543
Haiti,2008,532
Haiti,2009,696
Haiti,2010,968
Haiti,2011,129
Haiti,2012,843
Haiti,2013,900
Haiti,2014,718
Haiti,2015,154
Haiti,2016,347
Haiti,2017,486
Haiti,2018,353
Haiti,2019,311
Haiti,2020,273
Haiti,2021,308
Haiti,2022,865
Haiti,2023,189
Haiti,2024,294
Haiti,2025,480
Haiti,2026,357
Honduras,2000,806
Honduras,2001,593
Honduras,2002,786
Honduras,2003,905
Honduras,2004,771
Honduras,2005,735
Honduras,2006,234
Honduras,2007,162
Honduras,2008,844
Honduras,2009,311
Honduras,2010,217
Honduras,2011,908
Honduras,2012,459
Honduras,2013,520
Honduras,2014,981
Honduras,2015,502
Honduras,2016,430
Honduras,2017,586
Honduras,2018,607
Honduras,2019,746
Honduras,2020,303
Honduras,2021,789
Honduras,2022,309
Honduras,2023,376
Honduras,2024,807
Honduras,2025,968
Honduras,2026,815
Jamaica,2000,566
Jamaica,2001,962
Jamaica,2002,130
Jamaica,2003,741
Jamaica,2004,681
Jamaica,2005,145
Jamaica,2006,109
Jamaica,2007,282
Jamaica,2008,759
Jamaica,2009,129
Jamaica,2010,561
Jamaica,2011,618
Jamaica,2012,930
Jamaica,2013,669
Jamaica,2014,351
Jamaica,2015,137
Jamaica,2016,881
Jamaica,2017,176
Jamaica,2018,953
Jamaica,2019,420
Jamaica,2020,598
Jamaica,2021,861
Jamaica,2022,176
Jamaica,2023,722
Jamaica,2024,374
Jamaica,2025,315
Jamaica,2026,764
Mexico,2000,340
Mexico,2001,129
Mexico,2002,812
Mexico,2003,921
Mexico,2004,348
Mexico,2005,940
Mexico,2006,934
Mexico,2007,782
Mexico,2008,302
Mexico,2009,780
Mexico,2010,197
Mexico,2011,567
Mexico,2012,935
Mexico,2013,919
Mexico,2014,135
Mexico,2015,274
Mexico,2016,267
Mexico,2017,207
Mexico,2018,778
Mexico,2019,865
Mexico,2020,384
Mexico,2021,364
Mexico,2022,311
Mexico,2023,425
Mexico,2024,352
Mexico,2025,539
Mexico,2026,551
Nicaragua,2000,171
Nicaragua,2001,369
Nicaragua,2002,318
Nicaragua,2003,173
Nicaragua,2004,102
Nicaragua,2005,372
Nicaragua,2006,367
Nicaragua,2007,760
Nicaragua,2008,768
Nicaragua,2009,310
Nicaragua,2010,443
Nicaragua,2011,847
Nicaragua,2012,371
Nicaragua,2013,904
Nicaragua,2014,296
Nicaragua,2015,713
Nicaragua,2016,201
Nicaragua,2017,278
Nicaragua,2018,381
Nicaragua,2019,521
Nicaragua,2020,536
Nicaragua,2021,393
Nicaragua,2022,331
Nicaragua,2023,969
Nicaragua,2024,636
Nicaragua,2025,157
Nicaragua,2026,706
Panama,2000,267
Panama,2001,425
Panama,2002,430
Panama,2003,679
Panama,2004,145
Panama,2005,738
Panama,2006,264
Panama,2007,496
Panama,2008,528
Panama,2009,126
Panama,2010,676
Panama,2011,450
Panama,2012,595
Panama,2013,839
Panama,2014,332
Panama,2015,153
Panama,2016,379
Panama,2017,864
Panama,2018,672
Panama,2019,349
Panama,2020,677
Panama,2021,426
Panama,2022,994
Panama,2023,958
Panama,2024,637
Panama,2025,305
Panama,2026,950
Paraguay,2000,776
Paraguay,2001,513
Paraguay,2002,586
Paraguay,2003,192
Paraguay,2004,311
Paraguay,2005,823
Paraguay,2006,140
Paraguay,2007,699
Paraguay,2008,378
Paraguay,2009,709
Paraguay,2010,177
Paraguay,2011,200
Paraguay,2012,311
Paraguay,2013,491
Paraguay,2014,871
Paraguay,2015,294
Paraguay,2016,468
Paraguay,2017,367
Paraguay,2018,283
Paraguay,2019,217
Paraguay,2020,859
Paraguay,2021,266
Paraguay,2022,393
Paraguay,2023,856
Paraguay,2024,890
Paraguay,2025,756
Paraguay,2026,608
Peru,2000,673
Peru,2001,915
Peru,2002,569
Peru,2003,645
Peru,2004,711
Peru,2005,962
Peru,2006,173
Peru,2007,498
Peru,2008,302
Peru,2009,241
Peru,2010,594
Peru,2011,115
Peru,2012,456
Peru,2013,934
Peru,2014,642
Peru,2015,373
Peru,2016,767
Peru,2017,379
Peru,2018,483
Peru,2019,501
Peru,2020,707
Peru,2021,461
Peru,2022,630
Peru,2023,463
Peru,2024,122
Peru,2025,528
Peru,2026,999
Saint Kitts and Nevis,2000,807
Saint Kitts and Nevis,2001,281
Saint Kitts and Nevis,2002,367
Saint Kitts and Nevis,2003,849
Saint Kitts and Nevis,2004,247
Saint Kitts and Nevis,2005,466
Saint Kitts and Nevis,2006,193
Saint Kitts and Nevis,2007,661
Saint Kitts and Nevis,2008,145
Saint Kitts and Nevis,2009,752
Saint Kitts and Nevis,2010,594
Saint Kitts and Nevis,2011,890
Saint Kitts and Nevis,2012,641
Saint Kitts and Nevis,2013,259
Saint Kitts and Nevis,2014,176
Saint Kitts and Nevis,2015,661
Saint Kitts and Nevis,2016,647
Saint Kitts and Nevis,2017,973
Saint Kitts and Nevis,2018,218
Saint Kitts and Nevis,2019,522
Saint Kitts and Nevis,2020,975
Saint Kitts and Nevis,2021,613
Saint Kitts and Nevis,2022,104
Saint Kitts and Nevis,2023,519
Saint Kitts and Nevis,2024,384
Saint Kitts and Nevis,2025,936
Saint Kitts and Nevis,2026,699
Saint Lucia,2000,722
Saint Lucia,2001,777
Saint Lucia,2002,165
Saint Lucia,2003,882
Saint Lucia,2004,554
Saint Lucia,2005,919
Saint Lucia,2006,199
Saint Lucia,2007,147
Saint Lucia,2008,698
Saint Lucia,2009,812
Saint Lucia,2010,701
Saint Lucia,2011,972
Saint Lucia,2012,143
Saint Lucia,2013,836
Saint Lucia,2014,205
Saint Lucia,2015,221
Saint Lucia,2016,721
Saint Lucia,2017,848
Saint Lucia,2018,614
Saint Lucia,2019,771
Saint Lucia,2020,846
Saint Lucia,2021,784
Saint Lucia,2022,235
Saint Lucia,2023,776
Saint Lucia,2024,128
Saint Lucia,2025,550
Saint Lucia,2026,408
Saint Vincent and the Grenadines,2000,892
Saint Vincent and the Grenadines,2001,786
Saint Vincent and the Grenadines,2002,194
Saint Vincent and the Grenadines,2003,887
Saint Vincent and the Grenadines,2004,214
Saint Vincent and the Grenadines,2005,438
Saint Vincent and the Grenadines,2006,350
Saint Vincent and the Grenadines,2007,373
Saint Vincent and the Grenadines,2008,521
Saint Vincent and the Grenadines,2009,761
Saint Vincent and the Grenadines,2010,709
Saint Vincent and the Grenadines,2011,366
Saint Vincent and the Grenadines,2012,422
Saint Vincent and the Grenadines,2013,768
Saint Vincent and the Grenadines,2014,972
Saint Vincent and the Grenadines,2015,163
Saint Vincent and the Grenadines,2016,540
Saint Vincent and the Grenadines,2017,376
Saint Vincent and the Grenadines,2018,518
Saint Vincent and the Grenadines,2019,304
Saint Vincent and the Grenadines,2020,629
Saint Vincent and the Grenadines,2021,701
Saint Vincent and the Grenadines,2022,402
Saint Vincent and the Grenadines,2023,179
Saint Vincent and the Grenadines,2024,223
Saint Vincent and the Grenadines,2025,507
Saint Vincent and the Grenadines,2026,495
Suriname,2000,327
Suriname,2001,112
Suriname,2002,202
Suriname,2003,170
Suriname,2004,433
Suriname,2005,671
Suriname,2006,138
Suriname,2007,238
Suriname,2008,129
Suriname,2009,841
Suriname,2010,750
Suriname,2011,443
Suriname,2012,957
Suriname,2013,745
Suriname,2014,768
Suriname,2015,828
Suriname,2016,800
Suriname,2017,362
Suriname,2018,875
Suriname,2019,815
Suriname,2020,972
Suriname,2021,140
Suriname,2022,316
Suriname,2023,742
Suriname,2024,890
Suriname,2025,539
Suriname,2026,405
Trinidad and Tobago,2000,927
Trinidad and Tobago,2001,289
Trinidad and Tobago,2002,441
Trinidad and Tobago,2003,703
Trinidad and Tobago,2004,626
Trinidad and Tobago,2005,141
Trinidad and Tobago,2006,227
Trinidad and Tobago,2007,370
Trinidad and Tobago,2008,925
Trinidad and Tobago,2009,766
Trinidad and Tobago,2010,402
Trinidad and Tobago,2011,834
Trinidad and Tobago,2012,813
Trinidad and Tobago,2013,361
Trinidad and Tobago,2014,476
Trinidad and Tobago,2015,369
Trinidad and Tobago,2016,986
Trinidad and Tobago,2017,565
Trinidad and Tobago,2018,537
Trinidad and Tobago,2019,690
Trinidad and Tobago,2020,155
Trinidad and Tobago,2021,769
Trinidad and Tobago,2022,428
Trinidad and Tobago,2023,327
Trinidad and Tobago,2024,660
Trinidad and Tobago,2025,363
Trinidad and Tobago,2026,318
United States,2000,949
United States,2001,936
United States,2002,187
United States,2003,104
United States,2004,627
United States,2005,706
United States,2006,885
United States,2007,588
United States,2008,124
United States,2009,104
United States,2010,378
United States,2011,606
United States,2012,446
United States,2013,330
United States,2014,319
United States,2015,733
United States,2016,177
United States,2017,946
United States,2018,978
United States,2019,712
United States,2020,515
United States,2021,414
United States,2022,533
United States,2023,908
United States,2024,325
United States,2025,581
United States,2026,783
Uruguay,2000,127
Uruguay,2001,379
Uruguay,2002,256
Uruguay,2003,508
Uruguay,2004,785
Uruguay,2005,798
Uruguay,2006,962
Uruguay,2007,782
Uruguay,2008,718
Uruguay,2009,562
Uruguay,2010,223
Uruguay,2011,829
Uruguay,2012,986
Uruguay,2013,370
Uruguay,2014,246
Uruguay,2015,353
Uruguay,2016,976
Uruguay,2017,284
Uruguay,2018,625
Uruguay,2019,544
Uruguay,2020,566
Uruguay,2021,664
Uruguay,2022,711
Uruguay,2023,717
Uruguay,2024,271
Uruguay,2025,562
Uruguay,2026,488
Venezuela,2000,941
Venezuela,2001,323
Venezuela,2002,694
Venezuela,2003,269
Venezuela,2004,716
Venezuela,2005,810
Venezuela,2006,942
Venezuela,2007,453
Venezuela,2008,307
Venezuela,2009,992
Venezuela,2010,355
Venezuela,2011,659
Venezuela,2012,861
Venezuela,2013,694
Venezuela,2014,783
Venezuela,2015,572
Venezuela,2016,161
Venezuela,2017,849
Venezuela,2018,154
Venezuela,2019,461
Venezuela,2020,102
Venezuela,2021,945
Venezuela,2022,454
Venezuela,2023,447
Venezuela,2024,760
Venezuela,2025,571
Venezuela,2026,578
